azimuth_pyproj_class360_5,elevation_pyproj
-180,89.88101794889876
-175,89.87277136249891
-170,89.84826339662006
-165,89.83902634160845
-160,89.86048250130874
-155,89.85177777123397
-150,89.82931513126543
-145,89.84501658637134
-140,89.8640847186847
-135,89.89253311008945
-130,89.97927279731488
-125,89.9826787762521
-120,89.95431749966286
-115,89.94904765636365
-110,89.90826983038139
-105,89.90078919538013
-100,89.87522795270678
-95,89.88886592109165
-90,89.94472555181635
-85,89.86095112696799
-80,89.8062087345052
-75,89.8064085804481
-70,89.77678746363681
-65,89.7949913603596
-60,89.90545397290758
-55,89.95047882693999
-50,89.95464594877501
-45,89.96011760706683
-40,89.96929963470951
-35,89.96944898586757
-30,89.95428051781344
-25,89.95502093889296
-20,89.9528720773629
-15,89.92573210483793
-10,89.77554069857952
-5,89.76447050997778
0,89.70560605328201
5,89.64653086561583
10,89.64966998416911
15,89.73659533025074
20,89.78301480438203
25,89.9115071335707
30,89.8739960910293
35,89.86937555211104
40,89.91605078906596
45,89.94861926817373
50,89.89415975601503
55,89.8381301076816
60,89.8301593699749
65,89.79428794310532
70,89.80799819211757
75,89.88756198807286
80,89.87788319478051
85,89.90583762707425
90,89.90273431526387
95,89.95633931265681
100,89.94105227810533
105,90.00028433528443
110,89.90692799809418
115,89.86881779547885
120,89.89915505420679
125,89.82513645277743
130,89.78769176902682
135,89.85927646982616
140,89.87024001294742
145,89.9475180095089
150,89.98550530071806
155,89.93772102198875
160,89.95549644615214
165,89.85626791283808
170,89.8869835670329
175,89.8625109634102
